,Day Ct,Set Ct,Speculum Type,Size,Brand,Material,Material Type,Method,Spec Ang,Spec Ht,mmHg,wd.mean,wd.sem,wd.std,wd.amin,wd.median,wd.amax,wd.count_nonzero,ht.mean,ht.sem,ht.std,ht.amin,ht.median,ht.amax,ht.count_nonzero,wd_rel.mean,wd_rel.sem,wd_rel.std,wd_rel.amin,wd_rel.median,wd_rel.amax,wd_rel.count_nonzero,ht_rel.mean,ht_rel.sem,ht_rel.std,ht_rel.amin,ht_rel.median,ht_rel.amax,ht_rel.count_nonzero,Opening Distance.mean,Opening Distance.sem,Opening Distance.std,Opening Distance.amin,Opening Distance.median,Opening Distance.amax,Opening Distance.count_nonzero
0,1,1,White,M,STRONG-Black,Nitrile,Glove,Middle,5,0,0,253.66666666666666,14.529663145135581,25.166114784235827,227.0,257.0,277.0,3,242.0,11.269427669584646,19.519221295943137,222.0,243.0,261.0,3,0.0,0.0,0.0,0.0,0.0,0.0,0,0.0,0.0,0.0,0.0,0.0,0.0,0,2.866666666666667,0.16666666666666666,0.28867513459481287,2.7,2.7,3.2,3
1,1,1,White,M,STRONG-Black,Nitrile,Glove,Middle,5,0,40,199.0,5.8594652770823155,10.14889156509222,190.0,197.0,210.0,3,225.66666666666666,34.143488072805006,59.13825608972024,169.0,221.0,287.0,3,0.21157874524370598,0.04008012117183655,0.06942080624313794,0.13215859030837007,0.24187725631768953,0.2607003891050583,3,0.07655228664168641,0.09792474027601586,0.16961062547604583,-0.09961685823754785,0.09053497942386834,0.23873873873873874,3,2.866666666666667,0.16666666666666666,0.28867513459481287,2.7,2.7,3.2,3
2,1,1,White,M,STRONG-Black,Nitrile,Glove,Middle,5,0,80,133.33333333333334,7.512951779723097,13.012814197295423,120.0,134.0,146.0,3,201.33333333333334,26.964997888208913,46.70474636836533,160.0,192.0,252.0,3,0.47189658254755606,0.035621107824534065,0.06169756857398229,0.4096916299559471,0.4729241877256317,0.5330739299610895,3,0.17454619370328184,0.07284117271807075,0.1261646120305985,0.03448275862068961,0.2098765432098766,0.2792792792792793,3,2.866666666666667,0.16666666666666666,0.28867513459481287,2.7,2.7,3.2,3
3,1,1,White,M,STRONG-Black,Nitrile,Glove,Middle,5,0,120,96.0,10.263202878893768,17.776388834631177,82.0,90.0,116.0,3,217.33333333333334,25.98290035987344,45.00370355130046,166.0,236.0,250.0,3,0.6232664680392368,0.02125970045330115,0.036822881338812695,0.5812274368231047,0.6387665198237886,0.6498054474708171,3,0.10773481016137465,0.07236124790482017,0.1253333578702355,0.028806584362139898,0.04214559386973182,0.25225225225225223,3,2.866666666666667,0.16666666666666666,0.28867513459481287,2.7,2.7,3.2,3
4,1,1,White,M,STRONG-Black,Nitrile,Glove,Middle,5,0,160,69.66666666666667,7.31057073315377,12.662279942148388,60.0,65.0,84.0,3,220.33333333333334,70.39255011086834,121.92347326636218,145.0,155.0,361.0,3,0.7265051446575308,0.015236686889928207,0.02639071583237429,0.6967509025270758,0.7356828193832599,0.7470817120622568,3,0.10731740680655118,0.24697349507144728,0.4277706415866084,-0.3831417624521072,0.30180180180180183,0.4032921810699589,3,2.866666666666667,0.16666666666666666,0.28867513459481287,2.7,2.7,3.2,3
5,1,1,White,M,STRONG-Black,Nitrile,Glove,Middle,5,0,200,55.666666666666664,6.641619615057092,11.503622617824933,44.0,56.0,67.0,3,132.33333333333334,5.783117190965824,10.016652800877813,121.0,136.0,140.0,3,0.7800734942530285,0.02439982530583565,0.042261737125512115,0.7533039647577092,0.7581227436823105,0.8287937743190661,3,0.45101551104105386,0.03369530691147416,0.05836198354729999,0.3873873873873874,0.46360153256704983,0.5020576131687242,3,2.866666666666667,0.16666666666666666,0.28867513459481287,2.7,2.7,3.2,3
6,1,5,White,M,Primacare,Vinyl,Glove,Middle,3,0,0,265.6666666666667,38.86014810974235,67.3077509157254,188.0,302.0,307.0,3,84.66666666666667,55.6936062558152,96.46415569180779,26.0,32.0,196.0,3,0.0,0.0,0.0,0.0,0.0,0.0,0,0.0,0.0,0.0,0.0,0.0,0.0,0,1.1166666666666667,0.09279607271383372,0.16072751268321595,1.0,1.05,1.3,3
7,1,5,White,M,Primacare,Vinyl,Glove,Middle,3,0,40,250.66666666666666,43.348715218690295,75.0821772016058,164.0,292.0,296.0,3,108.0,77.50483855863452,134.24231821597837,29.0,32.0,263.0,3,0.06546235299679315,0.032205125724196836,0.055780914018452345,0.019867549668874163,0.04885993485342022,0.12765957446808507,3,-0.152407116692831,0.10040100845921274,0.1738996477825091,-0.34183673469387754,-0.11538461538461542,0.0,2,1.1166666666666667,0.09279607271383372,0.16072751268321595,1.0,1.05,1.3,3
8,1,5,White,M,Primacare,Vinyl,Glove,Middle,3,0,80,269.0,6.658328118479393,11.532562594670797,258.0,268.0,281.0,3,109.33333333333333,73.90158621061151,128.00130207671066,30.0,41.0,257.0,3,-0.06546212351046159,0.1819028712178001,0.31506501499188816,-0.42553191489361697,0.06953642384105962,0.1596091205211726,3,-0.24877354788069073,0.04824598468015271,0.08356449672721418,-0.31122448979591844,-0.28125,-0.15384615384615374,3,1.1166666666666667,0.09279607271383372,0.16072751268321595,1.0,1.05,1.3,3
9,1,5,White,M,Primacare,Vinyl,Glove,Middle,3,0,120,248.0,8.544003745317532,14.798648586948742,231.0,255.0,258.0,3,105.33333333333333,73.41510592362977,127.1586935027776,26.0,38.0,252.0,3,0.010281905599420585,0.19314292571708233,0.3345333604644881,-0.37234042553191493,0.1556291390728477,0.247557003257329,3,-0.15773809523809526,0.08381028476386149,0.14516367140782385,-0.2857142857142858,-0.1875,0.0,2,1.1166666666666667,0.09279607271383372,0.16072751268321595,1.0,1.05,1.3,3
10,1,5,White,M,Primacare,Vinyl,Glove,Middle,3,0,160,227.66666666666666,24.03007375029141,41.621308645131926,188.0,224.0,271.0,3,62.666666666666664,47.75399925078993,82.71235296697425,10.0,20.0,158.0,3,0.06878412939846894,0.25700403729782517,0.44514405035016,-0.4414893617021276,0.2703583061889251,0.3774834437086093,3,0.39475405546834114,0.12207882475108411,0.21144672699717468,0.19387755102040816,0.375,0.6153846153846154,3,1.1166666666666667,0.09279607271383372,0.16072751268321595,1.0,1.05,1.3,3
11,1,5,White,M,Primacare,Vinyl,Glove,Middle,3,0,200,229.66666666666666,25.181562920341367,43.61574639202376,188.0,226.0,275.0,3,58.666666666666664,47.83768853576064,82.85730706059263,4.0,18.0,154.0,3,0.05952037815675659,0.26319559459900943,0.45586814217378513,-0.4627659574468086,0.26384364820846906,0.3774834437086093,3,0.4993131868131868,0.1850044923469267,0.32043718037336455,0.2142857142857143,0.4375,0.8461538461538461,3,1.1166666666666667,0.09279607271383372,0.16072751268321595,1.0,1.05,1.3,3
12,1,6,White,S,STRONG-Black,Nitrile,Glove,Middle,5,0,0,305.3333333333333,19.64122648354165,34.01960219246153,280.0,292.0,344.0,3,201.66666666666666,26.822461565718466,46.457866215887854,150.0,215.0,240.0,3,0.0,0.0,0.0,0.0,0.0,0.0,0,0.0,0.0,0.0,0.0,0.0,0.0,0,2.733333333333333,0.016666666666666607,0.028867513459481187,2.7,2.75,2.75,3
13,1,6,White,S,STRONG-Black,Nitrile,Glove,Middle,5,0,40,200.66666666666666,16.292465879799916,28.219378684395828,181.0,188.0,233.0,3,240.66666666666666,23.125262761269934,40.05413004090007,205.0,233.0,284.0,3,0.3338275004171787,0.08564408160296037,0.1483399007039023,0.16785714285714282,0.38013698630136983,0.4534883720930233,3,-0.21947674418604654,0.12502081782859775,0.2165424084829442,-0.3666666666666667,-0.32093023255813957,0.029166666666666674,3,2.733333333333333,0.016666666666666607,0.028867513459481187,2.7,2.75,2.75,3
14,1,6,White,S,STRONG-Black,Nitrile,Glove,Middle,5,0,80,140.0,17.616280348965084,30.512292604784715,119.0,126.0,175.0,3,217.66666666666666,28.52094746750964,49.399730093729595,178.0,202.0,273.0,3,0.5337288945524052,0.08025302461119295,0.13900231608766173,0.375,0.5924657534246576,0.6337209302325582,3,-0.09936692506459954,0.13106423627776775,0.22700991628830575,-0.2697674418604652,-0.18666666666666676,0.15833333333333333,3,2.733333333333333,0.016666666666666607,0.028867513459481187,2.7,2.75,2.75,3
15,1,6,White,S,STRONG-Black,Nitrile,Glove,Middle,5,0,120,85.0,27.209067116190027,47.12748667179272,40.0,81.0,134.0,3,206.0,26.539279065817396,45.967379738244816,177.0,182.0,259.0,3,0.7092507471290523,0.10479765438162479,0.1815148619030173,0.5214285714285714,0.7226027397260274,0.8837209302325582,3,-0.05182816537467705,0.15718406586142944,0.27225078821224846,-0.21333333333333337,-0.20465116279069773,0.26249999999999996,3,2.733333333333333,0.016666666666666607,0.028867513459481187,2.7,2.75,2.75,3
16,1,6,White,S,STRONG-Black,Nitrile,Glove,Middle,5,0,160,61.333333333333336,25.542992080890688,44.24176006143216,20.0,56.0,108.0,3,187.0,26.025628394590846,45.077710678338576,159.0,163.0,239.0,3,0.7881217858280617,0.0950950984137965,0.16470954200345805,0.6142857142857143,0.8082191780821918,0.9418604651162791,3,0.046401808785529686,0.1457273522435037,0.2524071781382348,-0.1116279069767443,-0.08666666666666667,0.3375,3,2.733333333333333,0.016666666666666607,0.028867513459481187,2.7,2.75,2.75,3
17,1,6,White,S,STRONG-Black,Nitrile,Glove,Middle,5,0,200,42.666666666666664,23.21158714473825,40.203648258999245,5.0,38.0,85.0,3,169.0,25.166114784235834,43.58898943540674,139.0,149.0,219.0,3,0.8505855671354238,0.08399255130521296,0.14547936631796446,0.6964285714285714,0.8698630136986302,0.9854651162790697,3,0.13629844961240312,0.14245436101522926,0.2467381910381362,-0.018604651162790642,0.00666666666666671,0.4208333333333333,3,2.733333333333333,0.016666666666666607,0.028867513459481187,2.7,2.75,2.75,3
18,1,7,White,L,STRONG-Black,Nitrile,Glove,Middle,5,0,0,269.6666666666667,2.6034165586355518,4.509249752822893,265.0,270.0,274.0,3,252.0,6.506407098647712,11.269427669584644,245.0,246.0,265.0,3,0.0,0.0,0.0,0.0,0.0,0.0,0,0.0,0.0,0.0,0.0,0.0,0.0,0,3.1333333333333333,0.06666666666666674,0.11547005383792529,3.0,3.2,3.2,3
19,1,7,White,L,STRONG-Black,Nitrile,Glove,Middle,5,0,40,199.33333333333334,18.414969755910843,31.895663237081827,164.0,208.0,226.0,3,233.33333333333334,10.349449797506685,17.925772879665004,222.0,224.0,254.0,3,0.2616569836144734,0.06383136664565213,0.11055917014682685,0.16296296296296298,0.24087591240875916,0.38113207547169814,3,0.07492823176210199,0.017055771751909428,0.029541463236605166,0.04150943396226414,0.08571428571428574,0.09756097560975607,3,3.1333333333333333,0.06666666666666674,0.11547005383792529,3.0,3.2,3.2,3
20,1,7,White,L,STRONG-Black,Nitrile,Glove,Middle,5,0,80,143.66666666666666,19.877402021167434,34.42867022313429,105.0,155.0,171.0,3,207.0,11.503622617824933,19.924858845171276,195.0,196.0,230.0,3,0.4682489403051309,0.07051946794820337,0.12214330140901322,0.3666666666666667,0.43430656934306566,0.6037735849056604,3,0.1797975149562816,0.02395433119846551,0.041490118697074536,0.13207547169811318,0.19999999999999996,0.20731707317073167,3,3.1333333333333333,0.06666666666666674,0.11547005383792529,3.0,3.2,3.2,3
21,1,7,White,L,STRONG-Black,Nitrile,Glove,Middle,5,0,120,108.66666666666667,19.641226483541647,34.01960219246153,70.0,122.0,134.0,3,183.0,12.013880860626735,20.808652046684813,170.0,172.0,207.0,3,0.5980990952849742,0.07043337337777501,0.12199418123877544,0.5037037037037038,0.5547445255474452,0.7358490566037736,3,0.27525673254422184,0.028372138907234404,0.04914198610673171,0.21886792452830184,0.2979591836734694,0.3089430894308943,3,3.1333333333333333,0.06666666666666674,0.11547005383792529,3.0,3.2,3.2,3
22,1,7,White,L,STRONG-Black,Nitrile,Glove,Middle,5,0,160,83.0,18.23001188516709,31.575306807693888,47.0,96.0,106.0,3,162.66666666666666,13.715360407627323,23.75570107012911,147.0,151.0,190.0,3,0.6932279844459067,0.06584499095601708,0.1140468697597348,0.6074074074074074,0.6496350364963503,0.8226415094339623,3,0.3563771205675092,0.03707699842562505,0.06421924506533386,0.28301886792452835,0.38367346938775515,0.4024390243902439,3,3.1333333333333333,0.06666666666666674,0.11547005383792529,3.0,3.2,3.2,3
23,1,7,White,L,STRONG-Black,Nitrile,Glove,Middle,5,0,200,65.66666666666667,17.246577760368705,29.871948937646053,32.0,76.0,89.0,3,142.33333333333334,12.346839451634757,21.385353243127255,129.0,131.0,167.0,3,0.7574144635385052,0.06275552971417674,0.10869576592085252,0.6703703703703704,0.7226277372262774,0.879245283018868,3,0.43690906643375255,0.03368046824198184,0.05833628221782257,0.369811320754717,0.4653061224489796,0.47560975609756095,3,3.1333333333333333,0.06666666666666674,0.11547005383792529,3.0,3.2,3.2,3
24,1,8,White,M,STRONG-Black,Nitrile,Glove,Two,5,0,0,216.66666666666666,32.35909626536426,56.047598818623214,154.0,234.0,262.0,3,303.0,11.590225767142474,20.074859899884732,280.0,312.0,317.0,3,0.0,0.0,0.0,0.0,0.0,0.0,0,0.0,0.0,0.0,0.0,0.0,0.0,0,5.1000000000000005,0.05773502691896263,0.10000000000000053,5.0,5.1,5.2,3
25,1,8,White,M,STRONG-Black,Nitrile,Glove,Two,5,0,40,111.33333333333333,24.099331479893337,41.74126655161932,65.0,123.0,146.0,3,297.3333333333333,8.666666666666668,15.011106998930261,280.0,306.0,306.0,3,0.4983430479613686,0.04082249577650276,0.07070663677666868,0.4427480916030534,0.47435897435897434,0.577922077922078,3,0.017977028229394176,0.010036713822842202,0.01738409828219155,0.0,0.019230769230769273,0.034700315457413256,2,5.1000000000000005,0.05773502691896263,0.10000000000000053,5.0,5.1,5.2,3
26,1,8,White,M,STRONG-Black,Nitrile,Glove,Two,5,0,80,59.333333333333336,16.17954813268213,28.0237994093116,28.0,68.0,82.0,3,274.3333333333333,12.01850425154663,20.81665999466132,251.0,281.0,291.0,3,0.7382021427822955,0.040508287739579665,0.07016241249257142,0.6870229007633588,0.7094017094017093,0.8181818181818181,3,0.09481459654961229,0.014052740517372223,0.024340060561670443,0.06730769230769229,0.10357142857142854,0.11356466876971605,3,5.1000000000000005,0.05773502691896263,0.10000000000000053,5.0,5.1,5.2,3
27,1,8,White,M,STRONG-Black,Nitrile,Glove,Two,5,0,120,30.666666666666668,13.383239933256487,23.18045153428495,6.0,34.0,52.0,3,252.0,12.096831541082704,20.952326839756964,229.0,257.0,270.0,3,0.8724221777656892,0.046891978430993186,0.08121928910990413,0.8015267175572519,0.8547008547008547,0.961038961038961,3,0.16867756323592287,0.017155066366737803,0.029713446554405894,0.13461538461538458,0.18214285714285716,0.18927444794952686,3,5.1000000000000005,0.05773502691896263,0.10000000000000053,5.0,5.1,5.2,3
28,1,8,White,M,STRONG-Black,Nitrile,Glove,Two,5,0,160,15.0,7.810249675906655,13.527749258468683,1.0,16.0,28.0,3,235.0,11.718930554164631,20.29778313018444,213.0,239.0,253.0,3,0.9394200653742639,0.02923728431164176,0.05064046190309998,0.8931297709923665,0.9316239316239316,0.9935064935064936,3,0.22481502024088776,0.017962892150242223,0.03111264185509969,0.1891025641025641,0.23928571428571432,0.24605678233438488,3,5.1000000000000005,0.05773502691896263,0.10000000000000053,5.0,5.1,5.2,3
29,1,8,White,M,STRONG-Black,Nitrile,Glove,Two,5,0,200,4.666666666666667,3.2829526005987018,5.686240703077327,0.0,3.0,11.0,2,220.0,11.150485789118488,19.313207915827967,199.0,224.0,237.0,3,0.9817315847850199,0.01242228076159087,0.021516021424960778,0.9580152671755725,0.9871794871794872,1.0,3,0.27434857466403206,0.017022967506183376,0.029484644616303672,0.24038461538461542,0.28928571428571426,0.2933753943217665,3,5.1000000000000005,0.05773502691896263,0.10000000000000053,5.0,5.1,5.2,3
30,1,11,White,Unspecified,Trojan,Latex,Condom,Precut,3,0,0,243.66666666666666,7.881060278357926,13.650396819628849,228.0,250.0,253.0,3,304.0,34.443189941312546,59.65735495309862,242.0,309.0,361.0,3,0.0,0.0,0.0,0.0,0.0,0.0,0,0.0,0.0,0.0,0.0,0.0,0.0,0,3.6,0.05000000000000012,0.0866025403784441,3.55,3.55,3.7,3
31,1,11,White,Unspecified,Trojan,Latex,Condom,Precut,3,0,40,71.33333333333333,9.26162932629987,16.041612554021285,56.0,70.0,88.0,3,334.3333333333333,20.0194350014624,34.674678561355606,306.0,324.0,373.0,3,0.7085687076716826,0.03158426480567398,0.05470555136313689,0.648,0.7233201581027668,0.7543859649122807,3,-0.12079174485748356,0.10972833761725277,0.19005505578315307,-0.33884297520661155,-0.0332409972299168,0.009708737864077666,3,3.6,0.05000000000000012,0.0866025403784441,3.55,3.55,3.7,3
32,1,11,White,Unspecified,Trojan,Latex,Condom,Precut,3,0,80,32.333333333333336,10.989894347889692,19.03505538035898,14.0,31.0,52.0,3,305.6666666666667,18.550232103968703,32.1299444962691,281.0,294.0,342.0,3,0.8693556156530985,0.0425128198899935,0.07363436402249349,0.792,0.8774703557312253,0.9385964912280702,3,-0.02387652245969703,0.09612716006087069,0.16649712521273383,-0.2148760330578512,0.052631578947368474,0.09061488673139162,3,3.6,0.05000000000000012,0.0866025403784441,3.55,3.55,3.7,3
33,1,11,White,Unspecified,Trojan,Latex,Condom,Precut,3,0,120,12.666666666666666,6.173419725817378,10.692676621563626,6.0,7.0,25.0,3,283.0,17.15614564327703,29.715315916207253,262.0,270.0,317.0,3,0.9485276101980907,0.024347477268965106,0.04217106766597593,0.9,0.9692982456140351,0.9762845849802372,3,0.052761579013800776,0.08468257368405674,0.14667452013648138,-0.11570247933884303,0.12188365650969524,0.15210355987055013,3,3.6,0.05000000000000012,0.0866025403784441,3.55,3.55,3.7,3
34,1,11,White,Unspecified,Trojan,Latex,Condom,Precut,3,0,160,3.3333333333333335,2.3333333333333335,4.041451884327381,1.0,1.0,8.0,3,293.6666666666667,26.034165586355513,45.09249752822894,247.0,297.0,337.0,3,0.9865538219725862,0.009277754583054834,0.016069542318006017,0.968,0.9956140350877193,0.9960474308300395,3,-0.004876471906859692,0.19396003614001817,0.3359486372324071,-0.3925619834710743,0.17728531855955676,0.20064724919093846,3,3.6,0.05000000000000012,0.0866025403784441,3.55,3.55,3.7,3
35,1,11,White,Unspecified,Trojan,Latex,Condom,Precut,3,0,200,1.3333333333333333,0.3333333333333333,0.5773502691896257,1.0,1.0,2.0,3,248.33333333333334,33.0974990663108,57.326549986313786,184.0,267.0,294.0,3,0.9945538219725862,0.0012830254567640375,0.00222226527851962,0.992,0.9956140350877193,0.9960474308300395,3,0.18286697414744688,0.06742742161666997,0.11678772006344038,0.04854368932038833,0.23966942148760328,0.260387811634349,3,3.6,0.05000000000000012,0.0866025403784441,3.55,3.55,3.7,3
36,1,12,White,Unspecified,Lifestyle,Latex,Condom,Precut,3,0,0,239.33333333333334,3.844187531556932,6.658328118479394,235.0,236.0,247.0,3,308.6666666666667,21.682045823932555,37.55440497908778,270.0,311.0,345.0,3,0.0,0.0,0.0,0.0,0.0,0.0,0,0.0,0.0,0.0,0.0,0.0,0.0,0,3.6333333333333333,0.016666666666666607,0.028867513459481187,3.6,3.65,3.65,3
37,1,12,White,Unspecified,Lifestyle,Latex,Condom,Precut,3,0,40,82.66666666666667,12.115187896924166,20.984120980716188,59.0,90.0,99.0,3,351.3333333333333,9.701088140570166,16.802777548171413,333.0,355.0,366.0,3,0.6555901738033952,0.047009639848557494,0.08142308466321606,0.5991902834008097,0.6186440677966102,0.7489361702127659,3,-0.1517602042137202,0.10260808762733736,0.1777224210380278,-0.3555555555555556,-0.07073954983922826,-0.02898550724637672,3,3.6333333333333333,0.016666666666666607,0.028867513459481187,3.6,3.65,3.65,3
38,1,12,White,Unspecified,Lifestyle,Latex,Condom,Precut,3,0,80,28.0,12.583057392117917,21.79449471770337,3.0,38.0,43.0,3,320.6666666666667,14.836142056178591,25.696951829610708,291.0,335.0,336.0,3,0.8840426748582461,0.051733496090553,0.08960504368200368,0.8259109311740891,0.8389830508474576,0.9872340425531915,3,-0.05011503418232529,0.09594937044962366,0.16618918457299603,-0.2407407407407407,0.02608695652173909,0.06430868167202575,3,3.6333333333333333,0.016666666666666607,0.028867513459481187,3.6,3.65,3.65,3
39,1,12,White,Unspecified,Lifestyle,Latex,Condom,Precut,3,0,120,14.666666666666666,6.839428176227731,11.846237095944574,1.0,21.0,22.0,3,297.0,11.150485789118488,19.313207915827967,276.0,301.0,314.0,3,0.9391680329843445,0.028387193161456183,0.049168060839913895,0.9067796610169492,0.9149797570850202,0.9957446808510638,3,0.02570448728237999,0.09443300161607839,0.16356275671028164,-0.16296296296296298,0.112540192926045,0.12753623188405794,3,3.6333333333333333,0.016666666666666607,0.028867513459481187,3.6,3.65,3.65,3
40,1,12,White,Unspecified,Lifestyle,Latex,Condom,Precut,3,0,160,4.0,1.7320508075688774,3.0,1.0,4.0,7.0,3,273.0,9.643650760992957,16.703293088490067,258.0,270.0,291.0,3,0.9834851491123437,0.006956062139357307,0.012048253045973114,0.97165991902834,0.9830508474576272,0.9957446808510638,3,0.10334384433363882,0.09157038126763825,0.15860455282400282,-0.07777777777777772,0.17041800643086813,0.21739130434782605,3,3.6333333333333333,0.016666666666666607,0.028867513459481187,3.6,3.65,3.65,3
41,1,12,White,Unspecified,Lifestyle,Latex,Condom,Precut,3,0,200,1.0,0.0,0.0,1.0,1.0,1.0,3,254.66666666666666,11.89304184994085,20.5993527406405,233.0,257.0,274.0,3,0.9958196032398398,6.611210349781738e-05,0.00011450952225347869,0.9957446808510638,0.9957627118644068,0.9959514170040485,3,0.16368716915806716,0.0892594980181949,0.15460198562560706,-0.014814814814814836,0.25080385852090037,0.255072463768116,3,3.6333333333333333,0.016666666666666607,0.028867513459481187,3.6,3.65,3.65,3
42,1,13,White,Unspecified,Durex,Polyisoprene,Condom,Precut,3,0,0,248.66666666666666,5.2068331172711035,9.018499505645785,240.0,248.0,258.0,3,314.3333333333333,25.621171800767517,44.377171308380326,267.0,321.0,355.0,3,0.0,0.0,0.0,0.0,0.0,0.0,0,0.0,0.0,0.0,0.0,0.0,0.0,0,3.5666666666666664,0.016666666666666757,0.028867513459481506,3.55,3.55,3.6,3
43,1,13,White,Unspecified,Durex,Polyisoprene,Condom,Precut,3,0,40,103.0,3.7859388972001824,6.557438524302,96.0,104.0,109.0,3,322.6666666666667,18.550232103968703,32.1299444962691,298.0,311.0,359.0,3,0.5856964241060265,0.013959499631759412,0.024178562610446333,0.5666666666666667,0.5775193798449613,0.6129032258064516,3,-0.03207327552419422,0.04376395394524565,0.07580139177326987,-0.11610486891385774,-0.011267605633802802,0.031152647975077885,3,3.5666666666666664,0.016666666666666757,0.028867513459481506,3.55,3.55,3.6,3
44,1,13,White,Unspecified,Durex,Polyisoprene,Condom,Precut,3,0,80,46.666666666666664,6.839428176227731,11.846237095944574,33.0,53.0,54.0,3,295.3333333333333,19.96942106766688,34.588051886935375,265.0,288.0,333.0,3,0.8111277819454864,0.03065636601650415,0.053098383516013134,0.775,0.7862903225806451,0.872093023255814,3,0.05742206866926414,0.027608405046630254,0.047819160256704595,0.0074906367041198685,0.06197183098591552,0.10280373831775702,3,3.5666666666666664,0.016666666666666757,0.028867513459481506,3.55,3.55,3.6,3
45,1,13,White,Unspecified,Durex,Polyisoprene,Condom,Precut,3,0,120,22.333333333333332,8.212456663169947,14.224392195567912,6.0,29.0,32.0,3,270.0,21.548395145191982,37.322915213043046,238.0,261.0,311.0,3,0.908959531549554,0.033974868803479,0.058846198948112494,0.8709677419354839,0.8791666666666667,0.9767441860465116,3,0.1398245940106787,0.02395788193780021,0.04149626875800667,0.10861423220973787,0.12394366197183093,0.1869158878504673,3,3.5666666666666664,0.016666666666666757,0.028867513459481506,3.55,3.55,3.6,3
46,1,13,White,Unspecified,Durex,Polyisoprene,Condom,Precut,3,0,160,7.666666666666667,2.6034165586355518,4.509249752822894,3.0,8.0,12.0,3,242.66666666666666,23.694818936730545,41.040630274562474,206.0,235.0,287.0,3,0.9688838876385764,0.01066921678271859,0.018479625544635156,0.9516129032258065,0.9666666666666667,0.9883720930232558,3,0.2293088292786577,0.022048279740933888,0.03818874073078905,0.19154929577464785,0.22846441947565543,0.2679127725856698,3,3.5666666666666664,0.016666666666666757,0.028867513459481506,3.55,3.55,3.6,3
47,1,13,White,Unspecified,Durex,Polyisoprene,Condom,Precut,3,0,200,3.0,1.1547005383792517,2.0,1.0,3.0,5.0,3,221.66666666666666,25.783284852356925,44.65795935030321,184.0,210.0,271.0,3,0.9880147120113362,0.004620706560846196,0.008003298530252466,0.9798387096774194,0.9883720930232558,0.9958333333333333,3,0.29775851135139914,0.03218976077887003,0.05575430115249079,0.23661971830985917,0.31086142322097376,0.3457943925233645,3,3.5666666666666664,0.016666666666666757,0.028867513459481506,3.55,3.55,3.6,3
48,1,14,White,Unspecified,Skyn,Polyisoprene,Condom,Precut,3,0,0,252.66666666666666,7.688375063113865,13.316656236958787,238.0,256.0,264.0,3,329.3333333333333,7.125852775477316,12.34233905438241,319.0,326.0,343.0,3,0.0,0.0,0.0,0.0,0.0,0.0,0,0.0,0.0,0.0,0.0,0.0,0.0,0,3.6666666666666665,0.04409585518440983,0.07637626158259737,3.6,3.65,3.75,3
49,1,14,White,Unspecified,Skyn,Polyisoprene,Condom,Precut,3,0,40,109.33333333333333,34.338187359135766,59.47548514584251,74.0,76.0,178.0,3,343.6666666666667,9.527737285304301,16.502525059315424,330.0,339.0,362.0,3,0.5686281141244377,0.1321378832245702,0.22886952734955884,0.3046875,0.6890756302521008,0.7121212121212122,3,-0.04345314980700935,0.01573346254929966,0.027251156514369164,-0.06269592476489039,-0.055393586005831,-0.012269938650306678,3,3.6666666666666665,0.04409585518440983,0.07637626158259737,3.6,3.65,3.75,3
50,1,14,White,Unspecified,Skyn,Polyisoprene,Condom,Precut,3,0,80,43.333333333333336,21.457969252574777,37.16629297271028,18.0,26.0,86.0,3,311.6666666666667,4.666666666666667,8.08290376865476,303.0,313.0,319.0,3,0.8288789947797301,0.08325638553380656,0.14420428979909544,0.6640625,0.8907563025210083,0.9318181818181819,3,0.053334961968819594,0.008831405753197769,0.015296443466794624,0.039877300613496924,0.050156739811912265,0.06997084548104959,3,3.6666666666666665,0.04409585518440983,0.07637626158259737,3.6,3.65,3.75,3
51,1,14,White,Unspecified,Skyn,Polyisoprene,Condom,Precut,3,0,120,16.0,13.051181300301261,22.60530911091463,1.0,5.0,42.0,3,295.6666666666667,4.176654695380556,7.23417813807024,291.0,292.0,304.0,3,0.9370470726169255,0.05079860848727171,0.08798577085375418,0.8359375,0.9789915966386554,0.9962121212121212,3,0.10102398447036072,0.02951907072402949,0.05112853028623808,0.047021943573667735,0.1073619631901841,0.14868804664723034,3,3.6666666666666665,0.04409585518440983,0.07637626158259737,3.6,3.65,3.75,3
52,1,14,White,Unspecified,Skyn,Polyisoprene,Condom,Precut,3,0,160,4.333333333333333,2.8480012484391772,4.932882862316247,1.0,2.0,10.0,3,280.0,9.71253485622231,16.822603841260722,267.0,274.0,299.0,3,0.9829154199558611,0.011069438317538753,0.019172829577226828,0.9609375,0.9915966386554622,0.9962121212121212,3,0.14792649041406722,0.046228445212028,0.0800700158621467,0.06269592476489028,0.1595092024539877,0.22157434402332365,3,3.6666666666666665,0.04409585518440983,0.07637626158259737,3.6,3.65,3.75,3
53,1,14,White,Unspecified,Skyn,Polyisoprene,Condom,Precut,3,0,200,1.6666666666666667,0.6666666666666667,1.1547005383792517,1.0,1.0,3.0,3,262.3333333333333,12.914247085207013,22.36813209307682,247.0,252.0,288.0,3,0.9932336097317714,0.0029195258528766925,0.005056767111193338,0.9873949579831933,0.99609375,0.9962121212121212,3,0.20135197678015102,0.05427823855472566,0.09401266692212874,0.09717868338557989,0.22699386503067487,0.27988338192419826,3,3.6666666666666665,0.04409585518440983,0.07637626158259737,3.6,3.65,3.75,3
54,1,15,White,None,None,None,None,None,3,0,0,300.0,,,300.0,300.0,300.0,1,128.0,,,128.0,128.0,128.0,1,0.0,,,0.0,0.0,0.0,0,0.0,,,0.0,0.0,0.0,0,4.1,,,4.1,4.1,4.1,1
55,1,15,White,None,None,None,None,None,3,0,40,50.0,,,50.0,50.0,50.0,1,396.0,,,396.0,396.0,396.0,1,0.8333333333333334,,,0.8333333333333334,0.8333333333333334,0.8333333333333334,1,-2.09375,,,-2.09375,-2.09375,-2.09375,1,4.1,,,4.1,4.1,4.1,1
56,1,15,White,None,None,None,None,None,3,0,80,12.0,,,12.0,12.0,12.0,1,362.0,,,362.0,362.0,362.0,1,0.96,,,0.96,0.96,0.96,1,-1.828125,,,-1.828125,-1.828125,-1.828125,1,4.1,,,4.1,4.1,4.1,1
57,1,15,White,None,None,None,None,None,3,0,120,1.0,,,1.0,1.0,1.0,1,343.0,,,343.0,343.0,343.0,1,0.9966666666666667,,,0.9966666666666667,0.9966666666666667,0.9966666666666667,1,-1.6796875,,,-1.6796875,-1.6796875,-1.6796875,1,4.1,,,4.1,4.1,4.1,1
58,1,15,White,None,None,None,None,None,3,0,160,1.0,,,1.0,1.0,1.0,1,313.0,,,313.0,313.0,313.0,1,0.9966666666666667,,,0.9966666666666667,0.9966666666666667,0.9966666666666667,1,-1.4453125,,,-1.4453125,-1.4453125,-1.4453125,1,4.1,,,4.1,4.1,4.1,1
59,1,15,White,None,None,None,None,None,3,0,200,1.0,,,1.0,1.0,1.0,1,295.0,,,295.0,295.0,295.0,1,0.9966666666666667,,,0.9966666666666667,0.9966666666666667,0.9966666666666667,1,-1.3046875,,,-1.3046875,-1.3046875,-1.3046875,1,4.1,,,4.1,4.1,4.1,1
60,1,16,White,None,None,None,None,None,3,0,0,314.0,,,314.0,314.0,314.0,1,348.0,,,348.0,348.0,348.0,1,0.0,,,0.0,0.0,0.0,0,0.0,,,0.0,0.0,0.0,0,4.1,,,4.1,4.1,4.1,1
61,1,16,White,None,None,None,None,None,3,0,40,146.0,,,146.0,146.0,146.0,1,394.0,,,394.0,394.0,394.0,1,0.535031847133758,,,0.535031847133758,0.535031847133758,0.535031847133758,1,-0.13218390804597702,,,-0.13218390804597702,-0.13218390804597702,-0.13218390804597702,1,4.1,,,4.1,4.1,4.1,1
62,1,16,White,None,None,None,None,None,3,0,80,64.0,,,64.0,64.0,64.0,1,356.0,,,356.0,356.0,356.0,1,0.7961783439490446,,,0.7961783439490446,0.7961783439490446,0.7961783439490446,1,-0.02298850574712641,,,-0.02298850574712641,-0.02298850574712641,-0.02298850574712641,1,4.1,,,4.1,4.1,4.1,1
63,1,16,White,None,None,None,None,None,3,0,120,39.0,,,39.0,39.0,39.0,1,333.0,,,333.0,333.0,333.0,1,0.8757961783439491,,,0.8757961783439491,0.8757961783439491,0.8757961783439491,1,0.0431034482758621,,,0.0431034482758621,0.0431034482758621,0.0431034482758621,1,4.1,,,4.1,4.1,4.1,1
64,1,16,White,None,None,None,None,None,3,0,160,21.0,,,21.0,21.0,21.0,1,309.0,,,309.0,309.0,309.0,1,0.9331210191082803,,,0.9331210191082803,0.9331210191082803,0.9331210191082803,1,0.11206896551724133,,,0.11206896551724133,0.11206896551724133,0.11206896551724133,1,4.1,,,4.1,4.1,4.1,1
65,1,16,White,None,None,None,None,None,3,0,200,9.0,,,9.0,9.0,9.0,1,288.0,,,288.0,288.0,288.0,1,0.9713375796178344,,,0.9713375796178344,0.9713375796178344,0.9713375796178344,1,0.1724137931034483,,,0.1724137931034483,0.1724137931034483,0.1724137931034483,1,4.1,,,4.1,4.1,4.1,1
66,1,17,White,None,None,None,None,None,3,0,0,260.0,,,260.0,260.0,260.0,1,386.0,,,386.0,386.0,386.0,1,0.0,,,0.0,0.0,0.0,0,0.0,,,0.0,0.0,0.0,0,4.1,,,4.1,4.1,4.1,1
67,1,17,White,None,None,None,None,None,3,0,40,100.0,,,100.0,100.0,100.0,1,392.0,,,392.0,392.0,392.0,1,0.6153846153846154,,,0.6153846153846154,0.6153846153846154,0.6153846153846154,1,-0.015544041450777257,,,-0.015544041450777257,-0.015544041450777257,-0.015544041450777257,1,4.1,,,4.1,4.1,4.1,1
68,1,17,White,None,None,None,None,None,3,0,80,58.0,,,58.0,58.0,58.0,1,364.0,,,364.0,364.0,364.0,1,0.7769230769230769,,,0.7769230769230769,0.7769230769230769,0.7769230769230769,1,0.05699481865284972,,,0.05699481865284972,0.05699481865284972,0.05699481865284972,1,4.1,,,4.1,4.1,4.1,1
69,1,17,White,None,None,None,None,None,3,0,120,30.0,,,30.0,30.0,30.0,1,335.0,,,335.0,335.0,335.0,1,0.8846153846153846,,,0.8846153846153846,0.8846153846153846,0.8846153846153846,1,0.13212435233160624,,,0.13212435233160624,0.13212435233160624,0.13212435233160624,1,4.1,,,4.1,4.1,4.1,1
70,1,17,White,None,None,None,None,None,3,0,160,19.0,,,19.0,19.0,19.0,1,307.0,,,307.0,307.0,307.0,1,0.926923076923077,,,0.926923076923077,0.926923076923077,0.926923076923077,1,0.2046632124352331,,,0.2046632124352331,0.2046632124352331,0.2046632124352331,1,4.1,,,4.1,4.1,4.1,1
71,1,17,White,None,None,None,None,None,3,0,200,4.0,,,4.0,4.0,4.0,1,272.0,,,272.0,272.0,272.0,1,0.9846153846153847,,,0.9846153846153847,0.9846153846153847,0.9846153846153847,1,0.2953367875647669,,,0.2953367875647669,0.2953367875647669,0.2953367875647669,1,4.1,,,4.1,4.1,4.1,1
72,2,19,White,M,STRONG-Blue,Nitrile,Glove,Middle,5,0,0,278.3333333333333,43.175353051377726,74.78190511971017,192.0,320.0,323.0,3,278.6666666666667,19.784955002335604,34.26854728950927,241.0,287.0,308.0,3,0.0,0.0,0.0,0.0,0.0,0.0,0,0.0,0.0,0.0,0.0,0.0,0.0,0,2.6333333333333333,0.08819171036881965,0.1527525231651947,2.5,2.6,2.8,3
73,2,19,White,M,STRONG-Blue,Nitrile,Glove,Middle,5,0,20,291.3333333333333,24.673422498262738,42.73562136360408,242.0,315.0,317.0,3,250.66666666666666,17.333333333333336,30.02221399786054,220.0,252.0,280.0,3,-0.07540527175782596,0.09250961943778685,0.1602313610551082,-0.26041666666666674,0.015625,0.018575851393188847,3,0.09999907996062234,0.011029953515574472,0.01910443989409794,0.08713692946058094,0.09090909090909094,0.12195121951219512,3,2.6333333333333333,0.08819171036881965,0.1527525231651947,2.5,2.6,2.8,3
74,2,19,White,M,STRONG-Blue,Nitrile,Glove,Middle,5,0,40,273.3333333333333,27.24171637601257,47.184036848634875,219.0,297.0,304.0,3,191.66666666666666,32.297230703438196,55.940444522128466,149.0,171.0,255.0,3,-0.003308823529411753,0.0687613856305635,0.1190982135109725,-0.140625,0.05882352941176472,0.07187500000000002,3,0.3193339484453744,0.07391238944806579,0.1280200138328677,0.17207792207792205,0.3817427385892116,0.40418118466898956,3,2.6333333333333333,0.08819171036881965,0.1527525231651947,2.5,2.6,2.8,3
75,2,19,White,M,STRONG-Blue,Nitrile,Glove,Middle,5,0,60,257.0,25.579940057266228,44.30575583375144,206.0,279.0,286.0,3,153.66666666666666,37.67109118556444,65.24824390995771,115.0,117.0,229.0,3,0.05658647230822152,0.06487002403506388,0.1123581775169449,-0.07291666666666674,0.11455108359133126,0.12812500000000004,3,0.4572165260101704,0.10234795123414815,0.17727185158812636,0.25649350649350644,0.5228215767634854,0.5923344947735192,3,2.6333333333333333,0.08819171036881965,0.1527525231651947,2.5,2.6,2.8,3
76,2,19,White,M,STRONG-Blue,Nitrile,Glove,Middle,5,0,80,251.66666666666666,14.075194887144942,24.37895267096873,224.0,261.0,270.0,3,133.33333333333334,38.83440627988423,67.26316475853135,94.0,95.0,211.0,3,0.06059834021327826,0.1137833341957327,0.19707851588159825,-0.16666666666666674,0.16408668730650156,0.18437499999999996,3,0.5310726870538631,0.10976892490849122,0.19012535503371966,0.31493506493506496,0.6058091286307055,0.6724738675958188,3,2.6333333333333333,0.08819171036881965,0.1527525231651947,2.5,2.6,2.8,3
77,2,19,White,M,STRONG-Blue,Nitrile,Glove,Middle,5,0,120,220.66666666666666,15.059142664102025,26.083200212652844,192.0,227.0,243.0,3,107.66666666666667,39.19325338768282,67.88470618138767,66.0,71.0,186.0,3,0.1794343395252838,0.09056971983692576,0.1568713563848342,0.0,0.24767801857585137,0.290625,2,0.6238443100602801,0.11538901680159566,0.1998596397357825,0.39610389610389607,0.7053941908713692,0.7700348432055749,3,2.6333333333333333,0.08819171036881965,0.1527525231651947,2.5,2.6,2.8,3
78,2,19,White,M,STRONG-Blue,Nitrile,Glove,Middle,5,0,160,204.66666666666666,9.386751893552482,16.258331197676263,192.0,199.0,223.0,3,92.0,40.10403138505322,69.46221994724903,47.0,57.0,172.0,3,0.22924084107327145,0.11631498352956711,0.20146346115474736,0.0,0.30959752321981426,0.37812500000000004,2,0.6826438076311572,0.12054712674302101,0.20879374822535735,0.4415584415584416,0.8013937282229965,0.8049792531120332,3,2.6333333333333333,0.08819171036881965,0.1527525231651947,2.5,2.6,2.8,3
79,2,19,White,M,STRONG-Blue,Nitrile,Glove,Middle,5,0,200,182.33333333333334,3.844187531556932,6.658328118479394,178.0,179.0,190.0,3,77.66666666666667,38.25499241202964,66.2595905007972,35.0,44.0,154.0,3,0.3084354575163399,0.11805373744840153,0.2044750712840281,0.07291666666666663,0.4117647058823529,0.44062500000000004,3,0.7338205599009161,0.11693355649794417,0.20253486096416512,0.5,0.8466898954703833,0.8547717842323651,3,2.6333333333333333,0.08819171036881965,0.1527525231651947,2.5,2.6,2.8,3
80,2,20,Blue,M,STRONG-Blue,Nitrile,Glove,Middle,5,0,0,237.66666666666666,26.282651650428612,45.52288801617636,193.0,236.0,284.0,3,417.6666666666667,8.98764584180851,15.567059238447497,403.0,416.0,434.0,3,0.0,0.0,0.0,0.0,0.0,0.0,0,0.0,0.0,0.0,0.0,0.0,0.0,0,2.1999999999999997,0.15275252316519466,0.26457513110645886,2.0,2.1,2.5,3
81,2,20,Blue,M,STRONG-Blue,Nitrile,Glove,Middle,5,0,20,240.0,22.18858565419016,38.43175770115127,209.0,228.0,283.0,3,409.0,3.7859388972001824,6.557438524302,403.0,408.0,416.0,3,-0.015160707519611996,0.034987188098931865,0.06059958740131915,-0.08290155440414515,0.0035211267605633756,0.03389830508474578,3,0.019467092047737222,0.029931986818661483,0.05184372194140361,-0.032258064516129004,0.019230769230769273,0.0714285714285714,3,2.1999999999999997,0.15275252316519466,0.26457513110645886,2.0,2.1,2.5,3
82,2,20,Blue,M,STRONG-Blue,Nitrile,Glove,Middle,5,0,40,219.33333333333334,23.240290684737815,40.253364248635584,189.0,204.0,265.0,3,383.0,8.082903768654761,14.0,369.0,383.0,397.0,3,0.0744066724635745,0.03337115237732274,0.057800531424645904,0.020725388601036232,0.06690140845070425,0.13559322033898302,3,0.08132828193312065,0.03894971899311383,0.06746289223660364,0.01488833746898266,0.07932692307692313,0.14976958525345618,3,2.1999999999999997,0.15275252316519466,0.26457513110645886,2.0,2.1,2.5,3
83,2,20,Blue,M,STRONG-Blue,Nitrile,Glove,Middle,5,0,60,204.0,14.502873278538063,25.11971337416094,189.0,190.0,233.0,3,361.0,10.53565375285274,18.24828759089466,340.0,370.0,373.0,3,0.13173936920901894,0.05568330050118026,0.09644630560116975,0.020725388601036232,0.17957746478873238,0.19491525423728817,3,0.13386949072432944,0.04265533828437489,0.07388121312257516,0.07444168734491319,0.11057692307692313,0.21658986175115202,3,2.1999999999999997,0.15275252316519466,0.26457513110645886,2.0,2.1,2.5,3
84,2,20,Blue,M,STRONG-Blue,Nitrile,Glove,Middle,5,0,80,179.33333333333334,12.454361128179604,21.571586249817916,164.0,170.0,204.0,3,344.0,12.662279942148388,21.93171219946131,320.0,349.0,363.0,3,0.23720340838391196,0.04347611667468445,0.07530284299634593,0.15025906735751293,0.2796610169491526,0.2816901408450704,3,0.17432869549805033,0.04763887502385193,0.08251295195673555,0.09925558312655092,0.1610576923076923,0.2626728110599078,3,2.1999999999999997,0.15275252316519466,0.26457513110645886,2.0,2.1,2.5,3
85,2,20,Blue,M,STRONG-Blue,Nitrile,Glove,Middle,5,0,120,142.66666666666666,6.359594676112971,11.015141094572204,132.0,142.0,154.0,3,316.6666666666667,9.404490653110589,16.28905563049415,298.0,324.0,328.0,3,0.3875577165460489,0.06185107878525435,0.10712921095900603,0.2642487046632125,0.44067796610169496,0.4577464788732394,3,0.24020737327188937,0.037951917808602555,0.06573464988917771,0.18610421836228286,0.22115384615384615,0.31336405529953915,3,2.1999999999999997,0.15275252316519466,0.26457513110645886,2.0,2.1,2.5,3
86,2,20,Blue,M,STRONG-Blue,Nitrile,Glove,Middle,5,0,160,100.66666666666667,7.859884081701065,13.613718571108091,90.0,96.0,116.0,3,306.0,10.816653826391967,18.734993995195193,285.0,312.0,321.0,3,0.5709280123821292,0.03505246341389586,0.06071264756331685,0.5025906735751295,0.5915492957746479,0.6186440677966102,3,0.26559730591988656,0.0411158725705932,0.071214780289795,0.2034739454094293,0.25,0.3433179723502304,3,2.1999999999999997,0.15275252316519466,0.26457513110645886,2.0,2.1,2.5,3
87,2,20,Blue,M,STRONG-Blue,Nitrile,Glove,Middle,5,0,200,65.66666666666667,8.293236869749819,14.364307617610164,55.0,60.0,82.0,3,289.6666666666667,10.349449797506685,17.925772879664997,269.0,299.0,301.0,3,0.7240187414113203,0.01092598424386794,0.01892435983307629,0.7112676056338028,0.7150259067357513,0.7457627118644068,3,0.30484535625664655,0.03853592308696086,0.0667461767031827,0.25310173697270466,0.28125,0.380184331797235,3,2.1999999999999997,0.15275252316519466,0.26457513110645886,2.0,2.1,2.5,3
88,2,21,Green,M,STRONG-Blue,Nitrile,Glove,Middle,5,0,0,302.0,6.8068592855540455,11.789826122551595,292.0,299.0,315.0,3,360.6666666666667,1.7638342073763937,3.0550504633038997,358.0,360.0,364.0,3,0.0,0.0,0.0,0.0,0.0,0.0,0,0.0,0.0,0.0,0.0,0.0,0.0,0,2.566666666666667,0.06666666666666674,0.11547005383792529,2.5,2.5,2.7,3
89,2,21,Green,M,STRONG-Blue,Nitrile,Glove,Middle,5,0,20,300.3333333333333,6.9602043392737,12.055427546683415,289.0,299.0,313.0,3,338.6666666666667,7.423685817106696,12.85820101465727,324.0,344.0,348.0,3,0.005541059650648698,0.0029932398319799476,0.005184443468228199,0.0,0.006349206349206327,0.010273972602739767,2,0.06077652949161331,0.02461326995768765,0.042631434107123674,0.033333333333333326,0.03910614525139666,0.10989010989010994,3,2.566666666666667,0.06666666666666674,0.11547005383792529,2.5,2.5,2.7,3
90,2,21,Green,M,STRONG-Blue,Nitrile,Glove,Middle,5,0,40,288.6666666666667,6.9602043392737,12.055427546683415,276.0,290.0,300.0,3,299.3333333333333,9.279607271383371,16.072751268321596,281.0,306.0,311.0,3,0.0441713008717178,0.0073340740158066905,0.012702988821847897,0.030100334448160515,0.04761904761904767,0.0547945205479452,3,0.16976896474103176,0.029623322780271036,0.05130910014444197,0.13128491620111726,0.15000000000000002,0.228021978021978,3,2.566666666666667,0.06666666666666674,0.11547005383792529,2.5,2.5,2.7,3
91,2,21,Green,M,STRONG-Blue,Nitrile,Glove,Middle,5,0,60,271.3333333333333,7.172478263783337,12.423096769056153,257.0,278.0,279.0,3,268.0,12.858201014657274,22.271057451320086,244.0,272.0,288.0,3,0.10146094723223968,0.015696208841026526,0.027186631198869746,0.07023411371237454,0.11428571428571432,0.11986301369863017,3,0.2565485001239191,0.039192854042079915,0.06788401449451364,0.1955307262569832,0.24444444444444446,0.3296703296703297,3,2.566666666666667,0.06666666666666674,0.11547005383792529,2.5,2.5,2.7,3
92,2,21,Green,M,STRONG-Blue,Nitrile,Glove,Middle,5,0,80,254.0,8.504900548115382,14.730919862656235,237.0,262.0,263.0,3,241.66666666666666,14.169607537888188,24.542480178933292,218.0,240.0,267.0,3,0.159003823476724,0.020154722342009306,0.03490900310880371,0.12040133779264217,0.1682539682539682,0.18835616438356162,3,0.3295407261887709,0.04245133806622113,0.07352787437997771,0.25418994413407825,0.33333333333333337,0.4010989010989011,3,2.566666666666667,0.06666666666666674,0.11547005383792529,2.5,2.5,2.7,3
93,2,21,Green,M,STRONG-Blue,Nitrile,Glove,Middle,5,0,120,224.0,10.148891565092221,17.578395831246947,204.0,231.0,237.0,3,213.0,14.57166199626293,25.238858928247925,192.0,206.0,241.0,3,0.25846479640404596,0.027447022950434698,0.047539638266661924,0.20735785953177255,0.2666666666666667,0.3013698630136986,3,0.40904029758778365,0.04309409947407417,0.07464116979552371,0.3268156424581006,0.4277777777777778,0.4725274725274725,3,2.566666666666667,0.06666666666666674,0.11547005383792529,2.5,2.5,2.7,3
94,2,21,Green,M,STRONG-Blue,Nitrile,Glove,Middle,5,0,160,197.33333333333334,11.89304184994085,20.599352740640498,174.0,205.0,213.0,3,192.0,13.428824718989127,23.259406699226016,171.0,188.0,217.0,3,0.3469804521025486,0.03364449675511155,0.05827397777493943,0.2876254180602007,0.3492063492063492,0.40410958904109584,3,0.4672841022003033,0.0397133201091747,0.06878548816633737,0.3938547486033519,0.47777777777777775,0.5302197802197802,3,2.566666666666667,0.06666666666666674,0.11547005383792529,2.5,2.5,2.7,3
95,2,21,Green,M,STRONG-Blue,Nitrile,Glove,Middle,5,0,200,171.33333333333334,13.131810402394807,22.744962812309307,146.0,178.0,190.0,3,175.33333333333334,12.467736139510029,21.59475244899402,155.0,173.0,198.0,3,0.4331563766346375,0.03911143058961399,0.067742984937915,0.36454849498327757,0.43492063492063493,0.5,3,0.5135158809739815,0.036852873689220314,0.06383104963464788,0.44692737430167595,0.5194444444444444,0.5741758241758241,3,2.566666666666667,0.06666666666666674,0.11547005383792529,2.5,2.5,2.7,3
96,4,26,Green,M,STRONG-Blue,Nitrile,Glove,Middle,5,0,0,207.66666666666666,45.115900128939515,78.1430312525265,152.0,174.0,297.0,3,243.0,77.54353615872829,134.30934442547175,161.0,170.0,398.0,3,0.0,0.0,0.0,0.0,0.0,0.0,0,0.0,0.0,0.0,0.0,0.0,0.0,0,2.433333333333333,0.14529663145135582,0.2516611478423581,2.2,2.4,2.7,3
97,4,26,Green,M,STRONG-Blue,Nitrile,Glove,Middle,5,0,20,203.66666666666666,42.779797932097715,74.09678355592321,149.0,174.0,288.0,3,215.33333333333334,70.93972402289457,122.87120628256783,114.0,180.0,352.0,3,0.016679957469431145,0.008880255610889103,0.015381053902258524,0.0,0.019736842105263164,0.030303030303030276,2,0.1089924105976234,0.12920220224091386,0.22378477873105224,-0.11801242236024834,0.11557788944723613,0.3294117647058824,3,2.433333333333333,0.14529663145135582,0.2516611478423581,2.2,2.4,2.7,3
98,4,26,Green,M,STRONG-Blue,Nitrile,Glove,Middle,5,0,40,195.66666666666666,38.9543892834228,67.47098141670486,144.0,171.0,272.0,3,210.0,79.26537705707328,137.29166034395533,95.0,173.0,362.0,3,0.05134934747759915,0.019332729587296215,0.03348526989418713,0.017241379310344862,0.052631578947368474,0.08417508417508412,3,0.15236485680136158,0.15205727114094122,0.26337091927638695,-0.07453416149068315,0.09045226130653261,0.4411764705882353,3,2.433333333333333,0.14529663145135582,0.2516611478423581,2.2,2.4,2.7,3
99,4,26,Green,M,STRONG-Blue,Nitrile,Glove,Middle,5,0,60,193.66666666666666,41.35348970898479,71.62634524623836,140.0,166.0,275.0,3,200.0,77.12976079309465,133.5926644692739,86.0,167.0,347.0,3,0.06633281799645989,0.010274667767776266,0.017796246604678795,0.04597701149425293,0.07407407407407407,0.07894736842105265,3,0.19499708994368994,0.1569976268826421,0.2719278664284775,-0.037267080745341685,0.128140703517588,0.49411764705882355,3,2.433333333333333,0.14529663145135582,0.2516611478423581,2.2,2.4,2.7,3
100,4,26,Green,M,STRONG-Blue,Nitrile,Glove,Middle,5,0,80,180.0,38.083242158898884,65.96211033616193,131.0,154.0,255.0,3,183.0,70.37755323965163,121.89749792346026,81.0,150.0,318.0,3,0.13150485496220524,0.008334342068262474,0.014435503909889286,0.11494252873563215,0.13815789473684215,0.14141414141414144,3,0.2642858060855979,0.13516233017888296,0.2341080231392254,0.06832298136645965,0.20100502512562812,0.5235294117647059,3,2.433333333333333,0.14529663145135582,0.2516611478423581,2.2,2.4,2.7,3
101,4,26,Green,M,STRONG-Blue,Nitrile,Glove,Middle,5,0,120,175.33333333333334,40.830271994086836,70.72010558061501,124.0,146.0,256.0,3,168.66666666666666,63.02468652132362,109.16195918603391,76.0,141.0,289.0,3,0.1610590681976042,0.013326404930949401,0.02308201042264078,0.13804713804713808,0.16091954022988508,0.1842105263157895,3,0.31701137522957623,0.1256259202662035,0.21759047664866116,0.12422360248447206,0.27386934673366836,0.5529411764705883,3,2.433333333333333,0.14529663145135582,0.2516611478423581,2.2,2.4,2.7,3
102,4,26,Green,M,STRONG-Blue,Nitrile,Glove,Middle,5,0,160,168.0,43.9203825119955,76.0723339986358,114.0,135.0,255.0,3,156.33333333333334,59.82288673892107,103.61627928724971,72.0,125.0,272.0,3,0.2051840241495414,0.032747315975813394,0.05672001508162078,0.14141414141414144,0.22413793103448276,0.25,3,0.372218662426736,0.10559431328250533,0.1828947155956444,0.22360248447204967,0.31658291457286436,0.5764705882352941,3,2.433333333333333,0.14529663145135582,0.2516611478423581,2.2,2.4,2.7,3
103,4,26,Green,M,STRONG-Blue,Nitrile,Glove,Middle,5,0,200,154.66666666666666,40.99728988332982,71.00938905055678,105.0,123.0,236.0,3,144.0,53.52880844305554,92.71461589199407,70.0,114.0,248.0,3,0.269233726659619,0.032260105391890524,0.055876141596281084,0.20538720538720534,0.2931034482758621,0.3092105263157895,3,0.419015060688903,0.08809298423440184,0.15258152448434809,0.2919254658385093,0.37688442211055273,0.5882352941176471,3,2.433333333333333,0.14529663145135582,0.2516611478423581,2.2,2.4,2.7,3
104,4,27,Green,L,STRONG-Blue,Nitrile,Glove,Middle,5,0,0,241.66666666666666,26.02776295505329,45.081407845511364,190.0,262.0,273.0,3,343.0,22.869193252058544,39.61060464067672,308.0,335.0,386.0,3,0.0,0.0,0.0,0.0,0.0,0.0,0,0.0,0.0,0.0,0.0,0.0,0.0,0,2.2333333333333334,0.10137937550497036,0.17559422921421253,2.05,2.25,2.4,3
105,4,27,Green,L,STRONG-Blue,Nitrile,Glove,Middle,5,0,20,234.33333333333334,28.049559315215237,48.58326186386967,179.0,254.0,270.0,3,325.3333333333333,10.666666666666666,18.475208614068027,304.0,336.0,336.0,3,0.0331393663253848,0.01360301875220823,0.023561119615136846,0.01098901098901095,0.03053435114503822,0.05789473684210522,3,0.04651187237220803,0.041766183079801934,0.07234115113244051,-0.0029850746268655914,0.012987012987012991,0.1295336787564767,3,2.2333333333333334,0.10137937550497036,0.17559422921421253,2.05,2.25,2.4,3
106,4,27,Green,L,STRONG-Blue,Nitrile,Glove,Middle,5,0,40,225.66666666666666,28.54431252943006,49.44019956809775,169.0,248.0,260.0,3,323.6666666666667,11.921036494831778,20.647840887931434,300.0,333.0,338.0,3,0.07052682597077937,0.0200700942351126,0.03476242292791024,0.04761904761904767,0.05343511450381677,0.1105263157894737,3,0.052098835611324966,0.03658535469088309,0.06336769313753786,0.005970149253731294,0.025974025974025983,0.12435233160621761,3,2.2333333333333334,0.10137937550497036,0.17559422921421253,2.05,2.25,2.4,3
107,4,27,Green,L,STRONG-Blue,Nitrile,Glove,Middle,5,0,60,225.33333333333334,20.077627128500797,34.7754702819866,186.0,238.0,252.0,3,303.0,7.549834435270751,13.076696830622021,294.0,297.0,318.0,3,0.06319292064571291,0.021492079157768934,0.03722537306154792,0.021052631578947323,0.07692307692307687,0.09160305343511455,3,0.10826750776097305,0.06518183338573388,0.11289824715458037,0.0357142857142857,0.05074626865671639,0.23834196891191706,3,2.2333333333333334,0.10137937550497036,0.17559422921421253,2.05,2.25,2.4,3
108,4,27,Green,L,STRONG-Blue,Nitrile,Glove,Middle,5,0,80,217.0,19.313207915827967,33.45145736735546,179.0,230.0,242.0,3,287.3333333333333,6.641619615057092,11.503622617824938,276.0,287.0,299.0,3,0.09786175165845716,0.020136568874455724,0.034877560380667354,0.05789473684210522,0.1135531135531136,0.12213740458015265,3,0.15353953267107703,0.06668840339973361,0.11550770296398767,0.06818181818181823,0.10746268656716418,0.2849740932642487,3,2.2333333333333334,0.10137937550497036,0.17559422921421253,2.05,2.25,2.4,3
109,4,27,Green,L,STRONG-Blue,Nitrile,Glove,Middle,5,0,120,196.0,19.75685535031659,34.219877264537345,157.0,210.0,221.0,3,262.6666666666667,13.34582747944507,23.11565126344774,236.0,275.0,277.0,3,0.1875445611484181,0.00730457298560531,0.01265189153866348,0.17368421052631577,0.19047619047619047,0.1984732824427481,3,0.22295940725683205,0.08498348960190646,0.14719572179500337,0.1071428571428571,0.17313432835820897,0.3886010362694301,3,2.2333333333333334,0.10137937550497036,0.17559422921421253,2.05,2.25,2.4,3
110,4,27,Green,L,STRONG-Blue,Nitrile,Glove,Middle,5,0,160,180.66666666666666,17.486502731472,30.287511177601463,146.0,194.0,202.0,3,247.0,15.716233645501712,27.2213151776324,216.0,258.0,267.0,3,0.2503980640581685,0.009410808114584458,0.016299997794741755,0.2315789473684211,0.2595419847328244,0.26007326007326004,3,0.2685790815788496,0.08671526836471515,0.15019525059965677,0.16233766233766234,0.20298507462686566,0.44041450777202074,3,2.2333333333333334,0.10137937550497036,0.17559422921421253,2.05,2.25,2.4,3
111,4,27,Green,L,STRONG-Blue,Nitrile,Glove,Middle,5,0,200,127.33333333333333,30.818464883536592,53.379146989562635,78.0,120.0,184.0,3,155.0,73.43250869562699,127.18883598806933,11.0,202.0,252.0,3,0.46557281832492764,0.11899023241665166,0.2060971281500699,0.32600732600732596,0.368421052631579,0.7022900763358779,3,0.5629102820464664,0.21128817908287706,0.36596186121025476,0.24776119402985075,0.4766839378238342,0.9642857142857143,3,2.2333333333333334,0.10137937550497036,0.17559422921421253,2.05,2.25,2.4,3
112,4,28,Green,7,SensiCare PI,Polyisoprene,Glove,Middle,5,0,0,266.0,55.677643628300224,96.43650760992955,156.0,306.0,336.0,3,259.6666666666667,38.0190010974045,65.85084155372151,184.0,291.0,304.0,3,0.0,0.0,0.0,0.0,0.0,0.0,0,0.0,0.0,0.0,0.0,0.0,0.0,0,2.9166666666666665,0.20480342879074173,0.35472994422987947,2.6,2.85,3.3,3
113,4,28,Green,7,SensiCare PI,Polyisoprene,Glove,Middle,5,0,20,258.6666666666667,52.49232748168483,90.9193782058222,156.0,291.0,329.0,3,253.33333333333334,39.1847475996011,67.86997372427172,176.0,281.0,303.0,3,0.023284313725490224,0.01420370804796873,0.0246015439949568,0.0,0.02083333333333337,0.0490196078431373,2,0.027043998574053523,0.01216517347725201,0.02107069854548983,0.003289473684210509,0.03436426116838487,0.04347826086956519,3,2.9166666666666665,0.20480342879074173,0.35472994422987947,2.6,2.85,3.3,3
114,4,28,Green,7,SensiCare PI,Polyisoprene,Glove,Middle,5,0,40,246.66666666666666,50.66666666666667,87.75724091682311,148.0,276.0,316.0,3,229.0,26.083200212652848,45.17742799230607,180.0,238.0,269.0,3,0.06961502549737845,0.014409864510695418,0.024958617462708107,0.05128205128205132,0.059523809523809534,0.0980392156862745,3,0.10633376452486365,0.04650951789180111,0.08055684802413327,0.021739130434782594,0.11513157894736847,0.18213058419243988,3,2.9166666666666665,0.20480342879074173,0.35472994422987947,2.6,2.85,3.3,3
115,4,28,Green,7,SensiCare PI,Polyisoprene,Glove,Middle,5,0,60,238.0,48.39765834555773,83.82720322186587,144.0,265.0,305.0,3,217.0,22.89832599412746,39.66106403010388,184.0,206.0,261.0,3,0.10105730326318559,0.017049829461642668,0.029531170887949817,0.07692307692307687,0.09226190476190477,0.13398692810457513,3,0.1445145294507747,0.0843348603922109,0.1460722630485374,0.0,0.14144736842105265,0.29209621993127144,2,2.9166666666666665,0.20480342879074173,0.35472994422987947,2.6,2.85,3.3,3
116,4,28,Green,7,SensiCare PI,Polyisoprene,Glove,Middle,5,0,80,231.0,46.486557196677836,80.51707893360265,140.0,260.0,293.0,3,199.33333333333334,22.340794773488053,38.695391629150535,176.0,178.0,244.0,3,0.12695569680863797,0.013797340439948458,0.02389769465131545,0.10256410256410253,0.12797619047619047,0.15032679738562094,3,0.20838870671374388,0.10481285690898509,0.1815411934528088,0.03260869565217395,0.19736842105263153,0.39518900343642616,3,2.9166666666666665,0.20480342879074173,0.35472994422987947,2.6,2.85,3.3,3
117,4,28,Green,7,SensiCare PI,Polyisoprene,Glove,Middle,5,0,120,218.66666666666666,44.856561516807226,77.69384359994898,131.0,246.0,279.0,3,177.66666666666666,27.485349632930713,47.60602202803059,132.0,174.0,227.0,3,0.17532589959060543,0.010724225345892584,0.018574903170903868,0.16025641025641024,0.1696428571428571,0.196078431372549,3,0.2846763507828289,0.14290516486994245,0.24751900621874734,0.05434782608695654,0.2532894736842105,0.5463917525773196,3,2.9166666666666665,0.20480342879074173,0.35472994422987947,2.6,2.85,3.3,3
118,4,28,Green,7,SensiCare PI,Polyisoprene,Glove,Middle,5,0,160,205.0,43.00387579432037,74.48489779814429,121.0,231.0,263.0,3,155.33333333333334,31.47662271873807,54.51910979953115,100.0,157.0,209.0,3,0.22890630611218846,0.008351073082496501,0.014464482876604776,0.21726190476190477,0.22435897435897434,0.2450980392156863,3,0.3718655062503113,0.15007874565349252,0.25994401260805583,0.1467391304347826,0.3125,0.6563573883161512,3,2.9166666666666665,0.20480342879074173,0.35472994422987947,2.6,2.85,3.3,3
119,4,28,Green,7,SensiCare PI,Polyisoprene,Glove,Middle,5,0,200,152.33333333333334,76.45768619163006,132.42859711306065,1.0,209.0,247.0,3,142.66666666666666,36.411231478457,63.06610288683877,78.0,146.0,204.0,3,0.5251547200076612,0.23470013276301696,0.40651255448870627,0.26488095238095233,0.31699346405228757,0.9935897435897436,3,0.4224759568126952,0.15872587913163758,0.2749212871320329,0.2065217391304348,0.32894736842105265,0.731958762886598,3,2.9166666666666665,0.20480342879074173,0.35472994422987947,2.6,2.85,3.3,3
120,4,29,Green,7,Protexis,Latex,Glove,Middle,5,0,0,274.6666666666667,23.36188729058031,40.46397574798271,228.0,296.0,300.0,3,320.6666666666667,4.0551750201988135,7.023769168568493,314.0,320.0,328.0,3,0.0,0.0,0.0,0.0,0.0,0.0,0,0.0,0.0,0.0,0.0,0.0,0.0,0,2.6666666666666665,0.10137937550497036,0.1755942292142123,2.5,2.65,2.85,3
121,4,29,Green,7,Protexis,Latex,Glove,Middle,5,0,20,271.0,21.1266025033211,36.59234892706397,229.0,288.0,296.0,3,311.0,0.5773502691896258,1.0,310.0,311.0,312.0,3,0.01187134502923981,0.014121202674241249,0.024458640495763344,-0.004385964912280604,0.0,0.040000000000000036,2,0.02981623168142511,0.013142692100286237,0.022763810465929884,0.006369426751592355,0.03125,0.05182926829268297,3,2.6666666666666665,0.10137937550497036,0.1755942292142123,2.5,2.65,2.85,3
122,4,29,Green,7,Protexis,Latex,Glove,Middle,5,0,40,257.6666666666667,24.043941255774005,41.645327869202006,210.0,276.0,287.0,3,301.3333333333333,4.0551750201988135,7.023769168568493,294.0,302.0,308.0,3,0.063117591275486,0.01635891537367597,0.028334472583926386,0.030405405405405372,0.07894736842105265,0.07999999999999996,3,0.05967227228004764,0.02446746426080394,0.042378891232088094,0.019108280254777066,0.05625000000000002,0.10365853658536583,3,2.6666666666666665,0.10137937550497036,0.1755942292142123,2.5,2.65,2.85,3
123,4,29,Green,7,Protexis,Latex,Glove,Middle,5,0,60,246.33333333333334,22.585639488646567,39.11947511576981,202.0,261.0,276.0,3,292.0,6.110100926607787,10.583005244258363,280.0,296.0,300.0,3,0.10386755176228861,0.018725973454317174,0.03243433744406342,0.06756756756756754,0.11403508771929827,0.13,3,0.08864248355859354,0.030155885274357433,0.052231525442405204,0.04458598726114649,0.07499999999999996,0.14634146341463417,3,2.6666666666666665,0.10137937550497036,0.1755942292142123,2.5,2.65,2.85,3
124,4,29,Green,7,Protexis,Latex,Glove,Middle,5,0,80,233.33333333333334,24.91541245449848,43.154760262725745,185.0,247.0,268.0,3,277.6666666666667,8.875684637129565,15.373136743466937,260.0,285.0,288.0,3,0.15328591749644382,0.029547045630617136,0.05117698424578487,0.09459459459459463,0.17666666666666664,0.1885964912280702,3,0.1331648736471441,0.03786130533499453,0.06557770448108911,0.08280254777070062,0.109375,0.20731707317073167,3,2.6666666666666665,0.10137937550497036,0.1755942292142123,2.5,2.65,2.85,3
125,4,29,Green,7,Protexis,Latex,Glove,Middle,5,0,120,209.66666666666666,20.019435001462398,34.6746785613556,171.0,220.0,238.0,3,252.66666666666666,6.359594676112971,11.015141094572206,240.0,258.0,260.0,3,0.23753753753753756,0.02134509945932759,0.03697079675616635,0.19594594594594594,0.25,0.2666666666666667,3,0.2113788773238051,0.028579388076249736,0.049500952197292704,0.17834394904458595,0.1875,0.2682926829268293,3,2.6666666666666665,0.10137937550497036,0.1755942292142123,2.5,2.65,2.85,3
126,4,29,Green,7,Protexis,Latex,Glove,Middle,5,0,160,193.0,20.42057785666214,35.369478367654786,154.0,202.0,223.0,3,226.33333333333334,6.741249472052228,11.676186592091327,216.0,224.0,239.0,3,0.29928323059902007,0.026337817097014125,0.045618437372484694,0.2466216216216216,0.32456140350877194,0.32666666666666666,3,0.2937375394852675,0.02574793540730332,0.04459673231545099,0.25312500000000004,0.2866242038216561,0.3414634146341463,3,2.6666666666666665,0.10137937550497036,0.1755942292142123,2.5,2.65,2.85,3
127,4,29,Green,7,Protexis,Latex,Glove,Middle,5,0,200,167.66666666666666,17.5720738041296,30.435724623102594,133.0,180.0,190.0,3,209.66666666666666,7.5351030369715435,13.051181300301266,196.0,211.0,222.0,3,0.39159159159159157,0.017419358905979454,0.030171214660433827,0.3581081081081081,0.4,0.41666666666666663,3,0.34557150069908343,0.02912032105715644,0.050437875603712795,0.30625,0.3280254777070064,0.4024390243902439,3,2.6666666666666665,0.10137937550497036,0.1755942292142123,2.5,2.65,2.85,3
128,4,30,Green,7,Protexis PI Blue,"Polyisoprene, emollient coating",Glove,Middle,5,0,0,327.3333333333333,27.69075256792018,47.96179034745611,276.0,335.0,371.0,3,320.6666666666667,15.01480750607361,26.00640946638603,295.0,320.0,347.0,3,0.0,0.0,0.0,0.0,0.0,0.0,0,0.0,0.0,0.0,0.0,0.0,0.0,0,3.3000000000000003,0.07637626158259736,0.1322875655532295,3.15,3.35,3.4,3
129,4,30,Green,7,Protexis PI Blue,"Polyisoprene, emollient coating",Glove,Middle,5,0,20,318.6666666666667,19.19490673185063,33.24655370611114,288.0,314.0,354.0,3,300.6666666666667,19.27289403396502,33.3816316757185,278.0,285.0,339.0,3,0.021676802906829978,0.03293928401623689,0.05705251348106372,-0.04347826086956519,0.04582210242587603,0.06268656716417909,3,0.06335229122909847,0.025082393381251768,0.04344397971175738,0.023054755043227626,0.057627118644067776,0.109375,3,3.3000000000000003,0.07637626158259736,0.1322875655532295,3.15,3.35,3.4,3
130,4,30,Green,7,Protexis PI Blue,"Polyisoprene, emollient coating",Glove,Middle,5,0,40,292.3333333333333,25.260861250383194,43.75309512861158,254.0,283.0,340.0,3,280.3333333333333,22.333333333333336,38.682468035704936,258.0,258.0,325.0,3,0.10616399233567701,0.024555080132783735,0.042530646373906564,0.07971014492753625,0.0835579514824798,0.15522388059701497,3,0.12752476839414514,0.03764329880926547,0.06520010610214481,0.06340057636887608,0.12542372881355934,0.19374999999999998,3,3.3000000000000003,0.07637626158259736,0.1322875655532295,3.15,3.35,3.4,3
131,4,30,Green,7,Protexis PI Blue,"Polyisoprene, emollient coating",Glove,Middle,5,0,60,281.3333333333333,23.680746985215183,41.016256939576216,241.0,280.0,323.0,3,263.3333333333333,20.85132556404455,36.11555528208495,241.0,244.0,305.0,3,0.1401235841962888,0.012050591801767837,0.020872237261934875,0.12681159420289856,0.12938005390835583,0.16417910447761197,3,0.18026460663638288,0.036513265449281,0.06324283090840394,0.12103746397694526,0.17288135593220344,0.24687499999999996,3,3.3000000000000003,0.07637626158259736,0.1322875655532295,3.15,3.35,3.4,3
132,4,30,Green,7,Protexis PI Blue,"Polyisoprene, emollient coating",Glove,Middle,5,0,80,265.0,24.583192089989726,42.579337712087536,224.0,262.0,309.0,3,245.33333333333334,18.83554559278222,32.62412195497885,226.0,227.0,283.0,3,0.19114404927586762,0.014726902412390256,0.025507743216368586,0.1671159029649596,0.18840579710144922,0.21791044776119406,3,0.2363204484768557,0.03067744928612601,0.05313490081018783,0.18443804034582134,0.23389830508474574,0.290625,3,3.3000000000000003,0.07637626158259736,0.1322875655532295,3.15,3.35,3.4,3
133,4,30,Green,7,Protexis PI Blue,"Polyisoprene, emollient coating",Glove,Middle,5,0,120,245.66666666666666,23.482854265281393,40.673496694202896,203.0,250.0,284.0,3,214.66666666666666,15.67730135507313,27.153882472555072,198.0,200.0,246.0,3,0.2509084815385551,0.00877206776274618,0.01519366705251344,0.23450134770889486,0.25373134328358204,0.26449275362318836,3,0.33162661391426107,0.024270367349043108,0.042037509366903425,0.2910662824207493,0.32881355932203393,0.375,3,3.3000000000000003,0.07637626158259736,0.1322875655532295,3.15,3.35,3.4,3
134,4,30,Green,7,Protexis PI Blue,"Polyisoprene, emollient coating",Glove,Middle,5,0,160,220.0,21.22105872319601,36.75595189897821,181.0,225.0,254.0,3,194.0,13.051181300301261,22.60530911091463,175.0,188.0,219.0,3,0.3293083296358552,0.008338650460605132,0.014442966264325707,0.3153638814016172,0.32835820895522383,0.3442028985507246,3,0.396051913902864,0.013687890056096304,0.023708121025575596,0.3688760806916427,0.4067796610169492,0.4125,3,3.3000000000000003,0.07637626158259736,0.1322875655532295,3.15,3.35,3.4,3
135,4,30,Green,7,Protexis PI Blue,"Polyisoprene, emollient coating",Glove,Middle,5,0,200,203.33333333333334,19.76810000424365,34.23935357645254,167.0,208.0,235.0,3,174.66666666666666,12.346839451634757,21.385353243127255,156.0,170.0,198.0,3,0.38020294441694413,0.0082025556609378,0.014207243156655981,0.36657681940700804,0.3791044776119403,0.39492753623188404,3,0.4564437511193605,0.013542745460354652,0.023456723211307026,0.42939481268011526,0.46875,0.4711864406779661,3,3.3000000000000003,0.07637626158259736,0.1322875655532295,3.15,3.35,3.4,3
136,4,31,Green,8,SensiCare PI,Polyisoprene,Glove,Middle,5,0,0,267.0,55.41058863911602,95.97395480024775,161.0,292.0,348.0,3,274.6666666666667,55.756414678293105,96.57294307068275,165.0,312.0,347.0,3,0.0,0.0,0.0,0.0,0.0,0.0,0,0.0,0.0,0.0,0.0,0.0,0.0,0,2.966666666666667,0.060092521257733095,0.10408329997330659,2.85,3.0,3.05,3
137,4,31,Green,8,SensiCare PI,Polyisoprene,Glove,Middle,5,0,20,254.66666666666666,52.47962567617181,90.89737803332577,155.0,276.0,333.0,3,274.3333333333333,55.540775811810356,96.19944559784808,165.0,312.0,346.0,3,0.04505501652304963,0.005152968415584892,0.00892520310559073,0.037267080745341574,0.0431034482758621,0.0547945205479452,3,0.0009606147934678363,0.0009606147934678363,0.001663833628788576,0.0,0.0,0.0028818443804035088,1,2.966666666666667,0.060092521257733095,0.10408329997330659,2.85,3.0,3.05,3
138,4,31,Green,8,SensiCare PI,Polyisoprene,Glove,Middle,5,0,40,243.33333333333334,49.20140016074521,85.2193248819382,150.0,263.0,317.0,3,264.3333333333333,55.26099689453474,95.71485429824011,155.0,305.0,333.0,3,0.08557283654324173,0.00911692440178113,0.015790976272649408,0.06832298136645965,0.08908045977011492,0.09931506849315064,3,0.041129259789202156,0.011025737631845018,0.019097137769279723,0.022435897435897467,0.04034582132564846,0.06060606060606055,3,2.966666666666667,0.060092521257733095,0.10408329997330659,2.85,3.0,3.05,3
139,4,31,Green,8,SensiCare PI,Polyisoprene,Glove,Middle,5,0,60,232.0,46.715450691750085,80.9135340965898,145.0,246.0,305.0,3,245.33333333333334,50.93241709472575,88.21753416035462,144.0,287.0,305.0,3,0.1268254489845749,0.016867060788404133,0.02921460625986872,0.0993788819875776,0.12356321839080464,0.15753424657534243,3,0.10947946545929259,0.014785600983833119,0.02560941212443934,0.08012820512820518,0.12103746397694526,0.12727272727272732,3,2.966666666666667,0.060092521257733095,0.10408329997330659,2.85,3.0,3.05,3
140,4,31,Green,8,SensiCare PI,Polyisoprene,Glove,Middle,5,0,80,223.0,44.07191093353377,76.3347889235308,141.0,236.0,292.0,3,230.0,45.13313638558703,78.1728853247723,140.0,269.0,281.0,3,0.15897465487738846,0.01952631906484809,0.0338205767051177,0.12422360248447206,0.16091954022988508,0.1917808219178082,3,0.1598457978140975,0.015684362761700047,0.027166113187605798,0.13782051282051277,0.1515151515151515,0.19020172910662825,3,2.966666666666667,0.060092521257733095,0.10408329997330659,2.85,3.0,3.05,3
141,4,31,Green,8,SensiCare PI,Polyisoprene,Glove,Middle,5,0,120,205.66666666666666,38.85585898906081,67.3003219407852,135.0,213.0,269.0,3,204.33333333333334,39.81763986532155,68.96617528421692,125.0,238.0,250.0,3,0.21968337422938888,0.03169462417464618,0.054896699397287974,0.16149068322981364,0.2270114942528736,0.2705479452054794,3,0.2530475448342884,0.01333192887967802,0.02309157818249715,0.23717948717948723,0.24242424242424243,0.27953890489913547,3,2.966666666666667,0.060092521257733095,0.10408329997330659,2.85,3.0,3.05,3
142,4,31,Green,8,SensiCare PI,Polyisoprene,Glove,Middle,5,0,160,187.33333333333334,36.525485775155836,63.2639971337042,121.0,194.0,247.0,3,184.33333333333334,36.829939511821685,63.791326474163654,111.0,215.0,227.0,3,0.2914311761275266,0.02517075775250032,0.043597031292338766,0.24844720496894412,0.29022988505747127,0.3356164383561644,3,0.327997162939526,0.010088163429008151,0.017473211614100384,0.3108974358974359,0.32727272727272727,0.34582132564841495,3,2.966666666666667,0.060092521257733095,0.10408329997330659,2.85,3.0,3.05,3
143,4,31,Green,8,SensiCare PI,Polyisoprene,Glove,Middle,5,0,200,171.0,32.07802986469088,55.560777532356404,114.0,174.0,225.0,3,170.33333333333334,33.26826983445003,57.62233363317849,104.0,199.0,208.0,3,0.34982777691389133,0.03243532222828786,0.05617962605926275,0.2919254658385093,0.35344827586206895,0.40410958904109584,3,0.3774842752508459,0.011748215848198995,0.020348506747366556,0.3621794871794872,0.36969696969696975,0.4005763688760807,3,2.966666666666667,0.060092521257733095,0.10408329997330659,2.85,3.0,3.05,3
144,4,32,Green,8,Protexis PI,Polyisoprene,Glove,Middle,5,0,0,347.6666666666667,66.63665991362747,115.41808061709106,215.0,403.0,425.0,3,297.6666666666667,65.90481351498117,114.15048547129939,167.0,348.0,378.0,3,0.0,0.0,0.0,0.0,0.0,0.0,0,0.0,0.0,0.0,0.0,0.0,0.0,0,3.65,0.29297326385411576,0.507444578254611,3.2,3.55,4.2,3
145,4,32,Green,8,Protexis PI,Polyisoprene,Glove,Middle,5,0,20,335.3333333333333,66.39360745667547,114.99710141274578,203.0,392.0,411.0,3,275.3333333333333,59.79223286607643,103.56318522203406,158.0,314.0,354.0,3,0.03868347177292064,0.008718927198175987,0.015101624894734968,0.027295285359801524,0.03294117647058825,0.05581395348837215,3,0.07169514282873772,0.013295031081347487,0.023027669321101236,0.053892215568862256,0.06349206349206349,0.0977011494252874,3,3.65,0.29297326385411576,0.507444578254611,3.2,3.55,4.2,3
146,4,32,Green,8,Protexis PI,Polyisoprene,Glove,Middle,5,0,40,323.0,61.09828148156051,105.82532778120746,201.0,378.0,390.0,3,248.0,55.3022000767902,95.78622030334009,138.0,293.0,313.0,3,0.06983465323344414,0.006322041373088614,0.01095009686574199,0.06203473945409432,0.06511627906976747,0.08235294117647063,3,0.16788544785998158,0.004944008676580501,0.008563274220898792,0.15804597701149425,0.17195767195767198,0.17365269461077848,3,3.65,0.29297326385411576,0.507444578254611,3.2,3.55,4.2,3
147,4,32,Green,8,Protexis PI,Polyisoprene,Glove,Middle,5,0,60,310.6666666666667,56.921973886286764,98.59175083815751,197.0,362.0,373.0,3,212.33333333333334,51.927299606704416,89.94072121866343,109.0,255.0,273.0,3,0.10260361470458108,0.011160516246416683,0.01933058117749159,0.08372093023255811,0.1017369727047146,0.12235294117647055,3,0.29744151543655983,0.02511678293359983,0.04350354416367378,0.26724137931034486,0.2777777777777778,0.34730538922155685,3,3.65,0.29297326385411576,0.507444578254611,3.2,3.55,4.2,3
148,4,32,Green,8,Protexis PI,Polyisoprene,Glove,Middle,5,0,80,298.0,49.0543915805031,84.96469855181033,200.0,343.0,351.0,3,189.66666666666666,50.27369535298201,87.0765946356042,90.0,228.0,251.0,3,0.1309228212030383,0.03143340814271074,0.054444259958224266,0.06976744186046513,0.14888337468982626,0.1741176470588235,3,0.3806280888323699,0.04030590305246326,0.06981187193181186,0.33597883597883593,0.3448275862068966,0.4610778443113772,3,3.65,0.29297326385411576,0.507444578254611,3.2,3.55,4.2,3
149,4,32,Green,8,Protexis PI,Polyisoprene,Glove,Middle,5,0,120,278.6666666666667,46.50925833757309,80.55639846302299,186.0,318.0,332.0,3,155.33333333333334,46.70950414827563,80.90323438116262,64.0,184.0,218.0,3,0.18820845482863932,0.026759853833938013,0.046349426443497446,0.1348837209302326,0.2109181141439206,0.21882352941176475,3,0.5037704193874611,0.058171283942354726,0.10075561932967399,0.42328042328042326,0.47126436781609193,0.6167664670658682,3,3.65,0.29297326385411576,0.507444578254611,3.2,3.55,4.2,3
150,4,32,Green,8,Protexis PI,Polyisoprene,Glove,Middle,5,0,160,259.3333333333333,42.857645499697924,74.23161949825246,174.0,295.0,309.0,3,126.66666666666667,44.035339343657974,76.27144507175232,42.0,148.0,190.0,3,0.24387630844362673,0.026627702932601197,0.04612053436811606,0.19069767441860463,0.2679900744416873,0.27294117647058824,3,0.6068567116815448,0.0742604037025173,0.12862279220333592,0.4973544973544973,0.5747126436781609,0.7485029940119761,3,3.65,0.29297326385411576,0.507444578254611,3.2,3.55,4.2,3
151,4,32,Green,8,Protexis PI,Polyisoprene,Glove,Middle,5,0,200,242.33333333333334,39.19325338768282,67.88470618138767,164.0,279.0,284.0,3,103.33333333333333,44.09585518440985,76.37626158259734,20.0,120.0,170.0,3,0.2922221053000807,0.028370621289098428,0.049139357515013714,0.23720930232558135,0.3076923076923077,0.33176470588235296,3,0.6952254950052458,0.09733799756003038,0.16859435728098798,0.5502645502645502,0.6551724137931034,0.8802395209580838,3,3.65,0.29297326385411576,0.507444578254611,3.2,3.55,4.2,3
152,4,33,Green,8,Protegrity Micro SMT,"Latex, nitrile coating",Glove,Middle,5,0,0,266.3333333333333,66.06141923324923,114.4217345320955,191.0,210.0,398.0,3,240.0,49.23751956926073,85.28188553262645,173.0,211.0,336.0,3,0.0,0.0,0.0,0.0,0.0,0.0,0,0.0,0.0,0.0,0.0,0.0,0.0,0,3.85,0.13228756555322946,0.22912878474779194,3.6,3.9,4.05,3
153,4,33,Green,8,Protegrity Micro SMT,"Latex, nitrile coating",Glove,Middle,5,0,20,278.6666666666667,54.76414074110094,94.85427419643952,200.0,252.0,384.0,3,229.33333333333334,41.4661843487491,71.82153808805081,176.0,201.0,311.0,3,-0.07064817981706084,0.06890111323409644,0.11934022881951137,-0.19999999999999996,-0.04712041884816753,0.035175879396984966,3,0.03481902879041473,0.027220755010302657,0.047147730698229286,-0.01734104046242768,0.04739336492891,0.07440476190476186,3,3.85,0.13228756555322946,0.22912878474779194,3.6,3.9,4.05,3
154,4,33,Green,8,Protegrity Micro SMT,"Latex, nitrile coating",Glove,Middle,5,0,40,266.3333333333333,49.09288248932947,85.0313667615271,194.0,245.0,360.0,3,204.66666666666666,37.9751380657281,65.77486855428397,154.0,181.0,279.0,3,-0.02896536200490533,0.07596428587284562,0.1315740026924553,-0.16666666666666674,-0.015706806282722585,0.09547738693467334,3,0.14054984717498756,0.01728669764380174,0.02994143861414582,0.10982658959537572,0.14218009478672988,0.1696428571428571,3,3.85,0.13228756555322946,0.22912878474779194,3.6,3.9,4.05,3
155,4,33,Green,8,Protegrity Micro SMT,"Latex, nitrile coating",Glove,Middle,5,0,60,253.66666666666666,48.443552489240275,83.90669421049392,180.0,236.0,345.0,3,181.66666666666666,35.04441626152605,60.69870948655609,134.0,161.0,250.0,3,0.02231597612428467,0.07625038022950772,0.13206953265395277,-0.12380952380952381,0.05759162303664922,0.1331658291457286,3,0.23945091053616382,0.008897155702103025,0.015410325718893583,0.22543352601156075,0.23696682464454977,0.25595238095238093,3,3.85,0.13228756555322946,0.22912878474779194,3.6,3.9,4.05,3
156,4,33,Green,8,Protegrity Micro SMT,"Latex, nitrile coating",Glove,Middle,5,0,80,255.33333333333334,39.30366112435046,68.07593799084471,206.0,227.0,333.0,3,160.33333333333334,35.657319647506384,61.76028929120502,107.0,146.0,228.0,3,0.0012767235161931605,0.08102293734700053,0.14033584406347477,-0.08095238095238089,-0.07853403141361248,0.16331658291457285,3,0.3369961112132988,0.02258569323120057,0.03911956820060387,0.30805687203791465,0.3214285714285714,0.38150289017341044,3,3.85,0.13228756555322946,0.22912878474779194,3.6,3.9,4.05,3
157,4,33,Green,8,Protegrity Micro SMT,"Latex, nitrile coating",Glove,Middle,5,0,120,232.33333333333334,35.70869797557888,61.84927916583453,181.0,215.0,301.0,3,137.33333333333334,33.962397507308644,58.82459802950916,87.0,123.0,202.0,3,0.09075503003256961,0.07957949116143133,0.13783572193207747,-0.023809523809523725,0.05235602094240843,0.24371859296482412,3,0.43766032059117554,0.030188118511047562,0.052287355046044905,0.39880952380952384,0.41706161137440756,0.49710982658959535,3,3.85,0.13228756555322946,0.22912878474779194,3.6,3.9,4.05,3
158,4,33,Green,8,Protegrity Micro SMT,"Latex, nitrile coating",Glove,Middle,5,0,160,216.0,32.316146634976974,55.97320787662612,167.0,204.0,277.0,3,120.0,31.0,53.693575034635195,74.0,107.0,179.0,3,0.15274865977857377,0.08066094647588018,0.13970885748281825,0.02857142857142858,0.12565445026178013,0.3040201005025126,3,0.5108024117608946,0.031604149233204454,0.05473999220189903,0.46726190476190477,0.4928909952606635,0.5722543352601156,3,3.85,0.13228756555322946,0.22912878474779194,3.6,3.9,4.05,3
159,4,33,Green,8,Protegrity Micro SMT,"Latex, nitrile coating",Glove,Middle,5,0,200,203.0,27.79088579612628,48.13522618623496,160.0,194.0,255.0,3,103.33333333333333,32.45680890729162,56.21684207898318,53.0,93.0,164.0,3,0.19926354117466746,0.08378897506866656,0.14512676193305246,0.07619047619047614,0.16230366492146597,0.35929648241206025,3,0.588262695521003,0.054432633069345406,0.09428008606586004,0.5119047619047619,0.5592417061611374,0.6936416184971098,3,3.85,0.13228756555322946,0.22912878474779194,3.6,3.9,4.05,3
160,4,34,Green,8-8.5,MEDLINE,Nitrile,Glove,Middle,5,0,0,207.0,,,207.0,207.0,207.0,1,300.0,,,300.0,300.0,300.0,1,0.0,,,0.0,0.0,0.0,0,0.0,,,0.0,0.0,0.0,0,2.4,,,2.4,2.4,2.4,1
161,4,34,Green,8-8.5,MEDLINE,Nitrile,Glove,Middle,5,0,20,200.0,,,200.0,200.0,200.0,1,286.0,,,286.0,286.0,286.0,1,0.033816425120772986,,,0.033816425120772986,0.033816425120772986,0.033816425120772986,1,0.046666666666666634,,,0.046666666666666634,0.046666666666666634,0.046666666666666634,1,2.4,,,2.4,2.4,2.4,1
162,4,34,Green,8-8.5,MEDLINE,Nitrile,Glove,Middle,5,0,40,187.0,,,187.0,187.0,187.0,1,293.0,,,293.0,293.0,293.0,1,0.09661835748792269,,,0.09661835748792269,0.09661835748792269,0.09661835748792269,1,0.023333333333333317,,,0.023333333333333317,0.023333333333333317,0.023333333333333317,1,2.4,,,2.4,2.4,2.4,1
163,4,34,Green,8-8.5,MEDLINE,Nitrile,Glove,Middle,5,0,60,154.0,,,154.0,154.0,154.0,1,301.0,,,301.0,301.0,301.0,1,0.2560386473429952,,,0.2560386473429952,0.2560386473429952,0.2560386473429952,1,-0.0033333333333334103,,,-0.0033333333333334103,-0.0033333333333334103,-0.0033333333333334103,1,2.4,,,2.4,2.4,2.4,1
164,4,34,Green,8-8.5,MEDLINE,Nitrile,Glove,Middle,5,0,80,153.0,,,153.0,153.0,153.0,1,299.0,,,299.0,299.0,299.0,1,0.26086956521739135,,,0.26086956521739135,0.26086956521739135,0.26086956521739135,1,0.0033333333333332993,,,0.0033333333333332993,0.0033333333333332993,0.0033333333333332993,1,2.4,,,2.4,2.4,2.4,1
165,4,34,Green,8-8.5,MEDLINE,Nitrile,Glove,Middle,5,0,120,147.0,,,147.0,147.0,147.0,1,274.0,,,274.0,274.0,274.0,1,0.28985507246376807,,,0.28985507246376807,0.28985507246376807,0.28985507246376807,1,0.08666666666666667,,,0.08666666666666667,0.08666666666666667,0.08666666666666667,1,2.4,,,2.4,2.4,2.4,1
166,4,34,Green,8-8.5,MEDLINE,Nitrile,Glove,Middle,5,0,160,133.0,,,133.0,133.0,133.0,1,248.0,,,248.0,248.0,248.0,1,0.35748792270531404,,,0.35748792270531404,0.35748792270531404,0.35748792270531404,1,0.17333333333333334,,,0.17333333333333334,0.17333333333333334,0.17333333333333334,1,2.4,,,2.4,2.4,2.4,1
167,4,34,Green,8-8.5,MEDLINE,Nitrile,Glove,Middle,5,0,200,100.0,,,100.0,100.0,100.0,1,234.0,,,234.0,234.0,234.0,1,0.5169082125603865,,,0.5169082125603865,0.5169082125603865,0.5169082125603865,1,0.21999999999999997,,,0.21999999999999997,0.21999999999999997,0.21999999999999997,1,2.4,,,2.4,2.4,2.4,1
